id,title,price
65363731f68fcfc1461c0366,iPhone 15 128GB,244
653637316578fe0ee7c53948,iPhone 15 256GB,468
653637310a5ccea9abb789dd,iPhone 15 512GB,719
65363731667a19d6ac7ecf3a,iPhone 15 Plus 128GB,656
653637318945f2a8f5ca3e5a,iPhone 15 Plus 256GB,448
653637312b04360f873e8f73,iPhone 15 Plus 512GB,780
65363731493164bc0cd58467,iPhone 15 Pro 128GB,183
6536373119aeff552eebb2af,iPhone 15 Pro 256GB,926
6536373121caa9a2296488bc,iPhone 15 Pro 512GB,390
6536373194aa830efcaaf3a7,iPhone 15 Pro 1TB,518
6536373150e56839bcae7290,iPhone 15 Pro Max 256GB,961
65363731387871bcbaf3304f,iPhone 15 Pro Max 512GB,401
653637310a9c9d95323e7425,iPhone 15 Pro Max 1TB,903
653637317f2ec27e92e47159,iPhone 14 128GB,284
6536373176214e3fb5d8fa0f,iPhone 14 256GB,126
65363731344bac0800288d54,iPhone 14 512GB,262
65363731ce6c0aee69042360,iPhone 14 Plus 128GB,409
65363731ebaf6b9429590c39,iPhone 14 Plus 256GB,275
65363731d9a209eac7503d3b,iPhone 14 Plus 512GB,736
6536373160e862dd69373eb1,iPhone 14 Pro 128GB,234
65363731762dcf97d49ecd80,iPhone 14 Pro 256GB,916
65363731424a9ff516391c29,iPhone 14 Pro 512GB,212
6536373176c49a8a73fc8a5b,iPhone 14 Pro 1TB,943
65363731b41d6b4bbc20478b,iPhone 14 Pro Max 256GB,369
6536373162bef78d0db382b1,iPhone 14 Pro Max 512GB,688
65363731c5c223e14cd6a0a1,iPhone 14 Pro Max 1TB,284
653637318a5041617789c5a4,iPhone 13 Mini 128GB,343
653637314544bb013c5a8eda,iPhone 13 Mini 256GB,279
65363731eec84cb684fb77a1,iPhone 13 Mini 512GB,847
65363731537e9c4be66ab588,iPhone 13 128GB,336
6536373114b8446cdf709b98,iPhone 13 256GB,647
6536373162910bc09885d535,iPhone 13 512GB,866
653637312e74c026ca0bf155,iPhone 13 Pro 128GB,703
653637314f660d5f45623f77,iPhone 13 Pro 256GB,671
6536373153b25969f2d09f50,iPhone 13 Pro 512GB,699
653637316e452f8b166db290,iPhone 13 Pro 1TB,987
653637314dd7eaafa480ef56,iPhone 13 Pro Max 128GB,824
653637319e5c743de2f48ea6,iPhone 13 Pro Max 256GB,657
6536373104813feb5b7a6a55,iPhone 13 Pro Max 512GB,726
65363731837ab308547cb384,iPhone 13 Pro Max 1TB,744
653637316bbd6ec8ebae1e63,iPhone 12 Mini 64GB,494
65363731ef91032a7149d117,iPhone 12 Mini 128GB,256
65363731fe38d053a19f584b,iPhone 12 Mini 256GB,512
6536373127a0edf84d2faade,iPhone 12 64GB,198
65363731af462fa76ee4b8c0,iPhone 12 128GB,668
65363731ffb96c83966d3ec4,iPhone 12 256GB,827
65363731d051494f60235440,iPhone 12 Pro 128GB,932
65363731163e3471dcc70c88,iPhone 12 Pro 256GB,992
653637313aac288376997adb,iPhone 12 Pro 512GB,986
653637314dfce66f28301a31,iPhone 12 Pro Max 128GB,316
65363731b32e3c01ca86b13e,iPhone 12 Pro Max 256GB,887
65363731a2c262c144e49c73,iPhone 12 Pro Max 512GB,724
6536373122fdf615ffd2dba4,iPhone 11 64GB,358
65363731688f3592409b68bf,iPhone 11 128GB,877
653637319807c2aaf8c85d74,iPhone 11 256GB,126
65363731cb14e191bf6c71e2,iPhone 11 Pro 128GB,552
6536373174725897c7b9ba1f,iPhone 11 Pro 256GB,862
653637318e1361fe43fdc978,iPhone 11 Pro 512GB,856
6536373131dae16ebd446c8f,iPhone 11 Pro Max 128GB,657
653637319f68ea81829f3651,iPhone 11 Pro Max 256GB,918
65363731fa9be95951fbac19,iPhone 11 Pro Max 512GB,302
653637316c0b3d48678f9f83,Samsung Galaxy S22 (8GB-128GB),405
653637310e7ac7008e50ccbd,Samsung Galaxy S22 (8GB-256GB),536
653637319ec446230d80a1cf,Samsung Galaxy S22 Plus (8GB-128GB),610
653637313012158b9dbbb097,Samsung Galaxy S22 Plus (8GB-256GB),164
6536373175fe35a5cfea023d,Samsung Galaxy S22 Ultra (8GB-128GB),362
65363731035c753fb93273be,Samsung Galaxy S22 Ultra (8GB-256GB),871
65363731620e3e7a4458a6fd,Samsung Galaxy S22 Ultra (12GB-512GB),486
65363731bbe53ecb17ff04e9,Samsung Galaxy S22 Ultra (12GB-1TB),562
65363731c1507803088e4361,Samsung Galaxy S23 (8GB-128GB),607
6536373179cd914c90d1a318,Samsung Galaxy S23 (8GB-256GB),388
653637312cfcedce1f4eda82,Samsung Galaxy S23 Plus (8GB-256GB),875
653637319ec793ee82b98de8,Samsung Galaxy S23 Plus (8GB-512GB),913
653637316ac4c08abba9533f,Samsung Galaxy S23 Ultra (8GB-256GB),236
6536373156ec76428e8a3e70,Samsung Galaxy S23 Ultra (12GB-512GB),716
653637313aa27ca75f02f9de,Samsung Galaxy S23 Ultra (12GB-1TB),887
653637311ab85fff7343b44e,Samsung Galaxy A04,595
653637315ffb27a290be0fe8,Samsung Galaxy A04s,917
65363731148b99fffd502fa1,Samsung Galaxy A05,629
653637312beaf5f00ab0cdf9,Samsung Galaxy A05s,240
653637310cbaf7ae24dbb94b,Samsung Galaxy A14 4GB,580
65363731adc906a4d35bbd2f,Samsung Galaxy A14 5GB,475
6536373175945f36fb517dbf,Samsung Galaxy A34,367
6536373199c8e81f6d6e25e0,Samsung Galaxy A54,855
653637319d918d7e58d46e00,Samsung Galaxy Z Flip4 128GB,584
65363731394cf5d9e08060ff,Samsung Galaxy Z Flip4 256GB,251
6536373139bb299e5f361221,Samsung Galaxy Z Flip5 256GB,534
653637311eb932540eb9e5d2,Samsung Galaxy Z Flip5 512GB,133
653637313cde0b01afe3ee79,Samsung Galaxy Z Fold5 256GB,476
653637313563180a439dd025,Samsung Galaxy Z Fold5 512GB,195
65363731b6c883b360ac6e24,Samsung Galaxy Z Fold5 1TB,989
65363731e90db023f677579f,Samsung Galaxy Z Fold4 256GB,873
653637315463f69e9e3f3674,Samsung Galaxy Z Fold4 512GB,273
6536373105832f21b356a638,Xiaomi 11 Lite 5G NE,920
6536373168efc7e1c2228c19,Xiaomi Mi 11 Lite 5G,296
65363731875fc854026dfce4,Xiaomi 11T,493
65363731b87293efdd87dd13,Xiaomi 11T Pro,526
65363731a85806627435e93a,Xiaomi 12,812
653637316b100f2102540b31,Xiaomi 12 Pro,939
65363731c2652713150d19fa,Xiaomi 12T,158
65363731d26fff0a069c3716,Xiaomi 12T Pro,703
65363731bbbff1b8b49a4fca,Xiaomi 13,823
653637313df4771f7cf86722,Xiaomi 13 Lite,736
65363731c7b134aa1761521a,Xiaomi 13 Pro,692
653637312982c558c051940f,Xiaomi 13T,570
6536373143d4744ca587cc6a,Xiaomi 13T Pro,936
6536373113be191e481e1e23,Xiaomi Redmi Note 11 (4GB-64GB),710
65363731482ff36b203d2bee,Xiaomi Redmi Note 11 (4GB-128GB),777
653637313430c8eb07a72990,Xiaomi Redmi Note 11 Pro,457
6536373186490447575e4fbd,Xiaomi Redmi Note 11 Pro 5G,774
6536373129d5df19498dc903,Xiaomi Redmi Note 11 Pro Plus 5G,1000
65363731963217c65178f3de,Xiaomi Redmi Note 12,932
65363731f30967070d3e8c63,Xiaomi Redmi Note 12S,102
65363731004c6ae94ceb51bc,Xiaomi Redmi Note 12 Pro 4G,338
65363731ec7cf558920b22d4,Xiaomi Redmi Note 12 Pro 5G,698
653637317ffa83f49fa42d25,iPad mini 6 WiFi 64GB,381
653637311cf1b18d32692efe,iPad mini 6 WiFi 256GB,547
65363731053a74c91e249499,iPad mini 6 LTE 64GB,424
6536373157e6f932c69ffa97,iPad mini 6 LTE 256GB,995
65363731d7987cb8d8eb5d02,iPad Air 5 WiFi 64GB,220
653637318873bc04073dac3c,iPad Air 5 WiFi 256GB,175
653637314ca61495cdbaa55e,iPad Air 5 5G 64GB,709
6536373100f2b3c0d0865472,iPad Air 5 5G 256GB,685
6536373152cfd156a776272b,iPad Pro 11 inch 2022 M2 128GB,544
65363731a236044a75acbcbe,iPad Pro 11 inch 2022 M2 256GB,313
65363731833a19a454d57b72,iPad Pro 11 inch 2022 M2 512GB,152
65363731a7165c45792853a2,iPad Pro 11 inch 2022 M2 1TB,142
65363731beda1f4ce465a29b,iPad Pro 11 inch 2022 M2 2TB,268
653637312294a03390648f6e,iPad Pro 12.9 inch 2022 M2 128GB,1000
65363731f70415a8f0e86b54,iPad Pro 12.9 inch 2022 M2 256GB,663
65363731fcfaf67a8ba7e6ea,iPad Pro 12.9 inch 2022 M2 512GB,197
6536373140d1ecae2cf33892,iPad Pro 12.9 inch 2022 M2 1TB,789
653637313feea7faa99d0cc2,iPad Pro 12.9 inch 2022 M2 2TB,639
65363731b56f5e7ac7f2182c,Samsung Galaxy Tab S8,701
65363731d3d89539cabf761f,Samsung Galaxy Tab S8 Plus,591
653637311bc88371e92bcf1b,Samsung Galaxy Tab S8 Ultra,853
653637319c2fcbfbfca90550,Samsung Galaxy Tab S9,970
65363731715a2b676f863bcf,Samsung Galaxy Tab S9 Plus,765
65363731375d2354e403cc40,Samsung Galaxy Tab S9 Ultra,751
65363731c0247090aa1fa16e,Xiaomi Pad 6 128GB,968
653637319611a8bcb0c2ec92,Xiaomi Pad 6 256GB,173
653637314656d9ad5c4be379,Xiaomi Pad 6 Pro,659
65363731bd3c8b19262f0cd0,Xiaomi Pad 6 Max,138
65363731a3505365275b30a2,Xiaomi Pad 5 128GB,951
653637317032dff64cbcab23,Xiaomi Pad 5 256GB,350
653637315d44cb015985544e,Xiaomi Pad SE,786
653637314656d58f1e195f11,Macbook Pro 13 M2 2022 (8GB-256GB),689
65363731657ed4d867653799,Macbook Pro 13 M2 2022 (8GB-512GB),320
65363731e8f1f01bd892b610,Macbook Pro 13 M2 2022 (16GB-256GB),606
65363731009205b0ae52f453,Macbook Pro 13 M2 2022 (16GB-512GB),571
65363731faafba324f39dfb5,Macbook Pro 14 M2 Pro 2023 (16GB-512GB),140
65363731028faa3e0d2cbdc2,Macbook Pro 14 M2 Pro 2023 (16GB-1TB),964
65363731d09ecf38290ab6bb,Macbook Pro 16 M2 Pro 2023 (16GB-512GB),264
653637319efd8790fdf6106b,Macbook Pro 16 M2 Pro 2023 (16GB-1TB),318
653637317ce457c412bc8792,Macbook Pro 14 M2 Max 2023 (64GB-1TB),359
65363731c5878965efd27b40,Macbook Pro 14 M1 Pro 2021 (16GB-512GB),315
6536373182cde2cc8e41936a,Macbook Pro 14 M1 Pro 2021 (16GB-1TB),155
653637313f0d953f2ef12c14,Macbook Pro 16 M1 Max 2021 (32GB-1TB),114
65363731efe38291d128032f,ASUS TUF Gaming,996
653637317cc6446d1be0989a,Asus VivoBook 15 OLED,982
65363731d859ed3fd99e24db,Asus VivoBook Go 14,556
65363731f00681c5fb10233c,Asus ZenBook,957
6536373125b46dd98eba60b9,Asus ROG Flow,982
65363731ba438d896ef83dde,Asus Gaming ROG Zephyrus,155
653637317caf428dcfff9326,MSI Gaming Thin 11SC,986
65363731f76d78984ad5eed8,MSI Gaming Bravo 15,425
65363731e572cb18a9128cc5,MSI Cyborg 15,846
6536373114512cc8939c16d5,MSI Gaming GF63,359
65363731276ed32f774b6770,MSI Katana 15,415
653637316377bc5eccbd4fe7,MSI Crosshair 15,409
6536373118cb4f85ed8ae11c,MSI Leopard,168
65363731832cdc3fb573612d,MSI Gaming Alpha 15,288
6536373117725d031602284d,MSI Modern 14,616
65363731fa5254f34ad36c4b,MSI Modern 15,374
653637314a31e51cf41713d9,Lenovo ThinkPad E14,232
65363731f7a5f28d57b14c7d,Lenovo ThinkPad 16P,114
65363731d93bceb7f572c39b,Lenovo ThinkPad T480,975
65363731cf124cc00756d349,Lenovo ThinkPad X1,514
653637316cd139f615a59ff1,Lenovo ThinkPad T14,371
6536373146ddab5823ec0642,Lenovo ThinkPad P51,685
653637319485a681ec0a4d18,Lenovo ThinkBook 16P,757
6536373152560a326eadc606,Lenovo ThinkBook 14S,529
65363731f38b3ec14515672d,Lenovo ThinkBook 15,538
65363731b041c9b88900c7e8,Lenovo Gaming Legion 5,184
65363731bde2228c3a22579f,Lenovo Gaming Legion Slim 5,504
65363731e9e67f5cf989ccbc,Lenovo Gaming Legion 5 Pro,362
653637313be57d71742ccc63,Lenovo Gaming Ideapd 3,256
65363731cad8a8633891a30b,Lenovo Yoga Slim 6,865
653637318a31da794ddbe903,Lenovo Yoga Slim 7,838
6536373117997b6b11b18ddd,Lenovo Yoga Slim 7 Pro,198
653637310a212ab7ba31efe5,Lenovo Yoga Slim 7 Duet,629
65363731cf67cd89c9e11404,HP Envy X360,525
6536373182f7ae69b99fc574,HP Envy 13,768
65363731c786594b9354d964,HP Pavilion 14,198
65363731beead51e687f6eb6,HP Pavilion 15,694
653637318c82ebe57acf7a89,HP Pavilion X360,170
65363731332711b19a768182,HP Zbook Firefly 14,100
65363731f0f3e986c708cc96,HP Probook 440,790
65363731fa773527caa53746,Acer Nitro 5 Eagle,531
65363731b7c65f8fb1140133,Acer Nitro 5 Tiger,388
6536373146e9bd5052047330,Acer Gaming Aspire 7,175
6536373149ad214445dd0693,Acer Gaming Aspire 5,966
6536373146e1da5f8df098d3,Acer Gaming Aspire 3,593
65363731254a3d7a09e6d967,Acer Swift 3,571
65363731b1b060abb11b2d3b,Acer Swift X,204
65363731b77aefcf24abadae,Xiaomi RedmiBook 15,483
65363731d0186ee8c835be61,Surface Pro 9,404
653637317f913f95bd11eb29,Surface Pro 8,467
65363731b9d3514739326c05,Surface Pro 7,490
653637317b3f46847cfedb7b,Surface Laptop Go,768
65363731d90084586f826d30,Surface Laptop 4,114
65363731a0dcba388e5484a3,Dell Inspiron 15,709
65363731a9b68838490caffe,Dell Inspiron 14,127
653637314071da9e8dc8f945,Dell Vostro 3520,781
65363731bd2efb222b9ac920,Dell Vostro 5620,244
653637318d0f3b0c01dd6170,Dell Vostro 14,777
65363731cbeb6e76b0b00e8b,Dell XPS 15,885
65363731240e4b4cd7d7d148,Dell XPS 13,163
6536373142c3ec654a996db4,Dell Gaming G15,163
65363731365f3e7cfaefe079,Dell Latidude 7320,855
6536373111faf511c1375238,Dell Latidude 7400,660
653637316bb2ce77d4509388,Dell Latidude 3520,971
6536373114efb0455607166e,Dell Latidude 3420,799
65363731ca083628527848c2,Gigabyte G5,456
65363731a2baab5c638c2c58,Gigabyte MF,556
65363731dff39c00d08b8f8b,Gigabyte U4,437
65363731c193c558088dbf14,Apple Watch Series 7 41mm,704
653637317ec5c142f2672cab,Apple Watch Series 7 45mm,751
65363731e9ee3abd3c590c84,Apple Watch Series 8 41mm,502
65363731d7a3f846848999d0,Apple Watch Series 8 45mm,427
65363731cb8f11779bd9ecce,Apple Watch Series 9 41mm,958
65363731f938416219495832,Apple Watch Series 9 45mm,944
65363731f5822f2ce9a19dcf,Apple Watch SE 2022 40mm,353
653637317c01b71496f1f7e8,Apple Watch SE 2022 44mm,208
65363731356278be638ac9d0,Apple Watch SE 2 2023 40mm,887
653637314519e01188ec7601,Apple Watch SE 2 2023 44mm,640
65363731cbd01a470f9d923c,Apple Watch Ultra 49mm,339
65363731440b82950e5c376a,Apple Watch Ultra 2 49mm,609
65363731a65839740028b672,Samsung Galaxy Watch5,188
6536373153ae5b68e7feab73,Samsung Galaxy Watch5 Pro,752
65363731914d18caeb80c81a,Samsung Galaxy Watch6 40mm,957
65363731d7e6c44c39c83194,Samsung Galaxy Watch6 43mm,768
653637318ec23654fe08d310,Samsung Galaxy Watch6 44mm,314
65363731c2641367a17b98df,Samsung Galaxy Watch6 47mm,891
65363731cb5d94760d9e5156,Xiaomi Mi Band 8,874
65363731f4e79931e6e82d19,Xiaomi Mi Band 7,292
653637310ca5202943274b8b,Xiaomi Redmi Watch 2 ,608
65363731a2f7ead3a915f578,Xiaomi Redmi Watch 3,528
653637313e59a7a711326b28,Camera Sony ZV-1,424
65363731262e9f91dc689150,Camera Sony ZV-E10,600
653637316202f7e90152fb1e,Camera Sony ZV-1F,805
6536373118f180278fef9691,Camera Sony Alpha 7,310
6536373147cd46ac97932055,Camera Sony CyperShot,976
653637318a16a36f55732677,Camera Sony Alpha 6400,691
65363731110edf818043a888,Camera Fujifilm Instax Mini 12,193
653637310e0e7574e6b0fc82,Camera Fujifilm Instax Mini Evo,787
65363731114e95143599399e,Camera Fujifilm Instax Mini 40,909
653637318a9c6a52da3f050e,Camera Fujifilm X100V,157
65363731caf128696146ce98,Camera Canon PowerShot G7 X Mark II,983
653637312e5fd14e2cda8151,Camera Canon PowerShot G7 X Mark III,149
653637319f93c60a2c764e12,Apple AirPods,878
653637314ae3b840fc41d8a5,Apple AirPods Pro,519
65363731e169c937783ef85f,Apple AirPods 2,859
65363731de8772969ffab2c4,Apple AirPods Pro 2,449
6536373185371b27f672884c,Apple AirPods 3,884
653637310c2ba53e662524f6,Apple AirPods Pro 3,362
6536373142c886f22226b783,Samsung Galaxy Buds2,299
6536373198c3d7b88156de0f,Samsung Galaxy Buds2 Pro,771
65363731cb8978634ac4a615,Samsung Galaxy Buds Live,956
65363731cdeb0e93c34a7e2a,Samsung U Flex 2,242
65363731ca7d0ca91124ca62,Samsung ANC Type C Earphones,261
65363731007b00485fa66800,JBL Tune 230 TWS,154
65363731dd6f2f544308292c,JBL Tune 115 TWS,739
653637311e1e9e2156c2c385,JBL Tune 510BT,848
653637318f225e548805113e,JBL Tune 520BT,308
653637316dbc5f091ee7ab97,JBL Live Pro 2,960
653637312431abb0116a8038,JBL Live Pro+,260
653637316d5c92f98c1338a8,JBL T115BT,135
65363731a95535415f3ec732,JBL Gaming Quantum One,634
65363731872b3be02a9db86d,JBL Tour Pro One M2,322
6536373102e50debbd8ef8be,JBL Tour Pro 2,243
65363731c30b28cbcc372aa2,JBL Tune Flex,706
65363731e3fb9d2b92ba9af4,JBL C150SI,538
653637319af8e247442bdd29,JBL Wave Beam,969
65363731b32c80e364766460,JBL Tune Beam,271
653637317cb558f02792d04e,JBL Live Flex,276
6536373164c79191729f9b00,JBL Tune 770NC,184
653637319280d8e7543202b8,JBL Tune 670NC,595
6536373105a1406030285875,JBL Soundgear Sense,724
6536373151eca7da8d3071a2,JBL Quantum TWS,822
65363731ce1df4596ab4d0a5,JBL Quantum 400,830
65363731403de5e9f0c7a11b,Sony WH-1000XM5,206
65363731951ad214ce9e1427,Sony WH-1000XM4,411
65363731b7788be594d96a1d,Sony WH-CH520,255
65363731e58d04ab1732bc17,Sony WF-1000XM5,770
6536373144c53bcd635405e3,Sony WF-C500,586
65363731aed8d4cf55e8535a,Sony WF-C700N,968
65363731871af44729c3057a,Sony WH-CH720N,378
65363731edcd4d2b458ee8b2,Sony MDR-ZX110AP,241
65363731ee615daf329c1e44,Sony Inzone H3,966
65363731913fd1ba74be6faa,Sony MDR-EX15AP,919
6536373194ea13789c69b2c2,Sony Linkbuds S,711
653637312c49d755ad7673a4,Sony Float Run WI-OE610,330
6536373182e61711416bc591,Sony MDR-E9LP,586
65363731d18e68a537a64160,Sony Inzone H9,592
6536373122c64ea20008a9d4,Marshall Minor 3,121
65363731daa6a133030433d8,Marshall Minor 4,546
65363731f6d180200c790531,Marshall Motif ANC,638
65363731c66127483bd623f0,Marshall Mode III,110
653637319943c691a7cfb037,Marshall Major 4,970
65363731fcc1e2735433d93b,Marshall Major 5,597
65363731fe0d7f29a9f908ec,Marshall Monitor 2 ANC,689
65363731e41140b30f1b4958,Baseus Bowie WM01,974
65363731c5a814330e246d6e,Baseus Bowie WM02,971
653637315af15e6e4d32153d,Baseus Noon East Y13,536
6536373123bd3da35afb9bb4,Baseus Bowie E3,729
653637316539aa2679846892,Baseus Encok D02 Pro,521
6536373194df508b8d4be7ec,Baseus Encok C17,361
65363731d83037af79515490,Baseus Encok H19,825
653637316a0d642a65c20835,Baseus Bowie H1i,155
653637317af49b481d0ecb79,Baseus Bowie M2+,265
65363731a8fa911957fff737,Baseus Storm 1,179
65363731749ff6c1e5ab5628,Baseus Bowie P1,299
653637316d9bdcab7bbfe105,Baseus Encok H06,413
653637314900be786aef2c66,Baseus Encok H17,799
653637315dfafdc8c59fa1e7,Baseus Bowie WM02 Plus,792
65363731631adf85f4e56719,Baseus Encok WM01 Plus,767
65363731955974e7bd039a49,Baseus Bowie E13,464
65363731386001c0a24a64ff,JBL Partybox On The Go,965
65363731d6759278157c2d9f,JBL Charge 5,301
65363731977baf9da82872fd,JBL Partybox 710,875
65363731c9f975bfd543b495,JBL Flip 6,678
65363731d06865ff51f2e844,JBL Charge 4,150
65363731583844bf76d40a36,JBL Go 3,692
65363731bb4090610b2339e9,JBL Boombox 3,897
65363731a13ed99c02a46ab6,JBL Go Essential,978
65363731eebcdcf9ef733349,JBL Pulse 5,858
6536373161d4bef88f289deb,JBL Xtreme 3,614
653637313429130038f4b88c,JBL Partybox 310,896
653637311ee40eac78fc6702,JBL Partybox Encore 2 mic,753
65363731db42c95490d5f802,JBL Partybox Encore Essential,451
65363731069fdd7d94425fac,JBL Flip Essential 2,768
6536373181c0d7bd844457a4,JBL Wind 3S,485
65363731a51b46ebd28dd932,JBL Partybox 110,392
65363731d3583ef2bf90312e,JBL Go 4,274
653637317d65e04756ad7dae,JBL Flip 7,580
653637313fc582eb943af556,JBL Go 3 Eco,925
65363731498026f10585a5cd,JBL Clip 4 Eco,150
6536373148ecfe4e55fe60cb,JBL Charge 6,580
65363731db6bd18e44f06343,JBL Authentics 200,828
65363731d51108e37be3fd45,JBL Authentics 300,520
65363731e60f5e6dfa0abfd0,Sony SRS-XE300,548
65363731847bfdeb892d2723,Sony SRS-XB13,516
65363731aacccfd45be3e455,Sony SRS-XE200,366
653637312623a75c32c8da94,Sony SRS-XB100 Extra Bass,847
653637314cdfb34be7369616,Sony SRS-XG300,816
65363731b1a8ec6c64bbbd83,Sony SRS-XV800,587
65363731e155cf3774300af8,Sony MHC-V13,856
65363731558f64659e0f2346,Sony MHC-V43D,109
65363731b2dac05d526229bb,Sony SRS-XP500,537
65363731a190e56d331542e7,Sony SRS-XV900,506
6536373158728b874bd8e4b7,Sony SRS-XB14 Extra Bass,816
6536373129b8c4486392446d,Sony GTK-PG10,412
653637314f5164f24925f26a,Samsung HW-C400 ,805
653637313a956749d86c6077,Samsung MX-T40,524
653637312c1714372b6f2b32,Samsung B-SOUNDBAR B650/XV,879
65363731167955f49d6c5379,Samsung Sound Tower ST40B/XV,881
6536373107d8bbebfe243146,Samsung Sound Tower ST50B/XV,577
65363731aa3b652f15f11d9c,Samsung HW-Q600B,148
653637316cc8c5447488e832,Samsung HW-B450,262
653637311995701dab481f74,Samsung Q-SOUNDBAR Q700B/XV,849
65363731f552d3e369d49ff4,Samsung B-SOUNDBAR B550/XV,984
653637315b8b8b48958677c7,Samsung HW-C450,953
6536373101ca8e08bd18d70f,Samsung S-SOUNDBAR S800B/XV,590
6536373141190b72abc5f499,Samsung S-SOUNDBAR S61B/XV,506
65363731f19ce224de003a03,Samsung Q-SOUNDBAR Q930B/XV,820
653637318cb6d27482e43404,Marshall Emberton,289
6536373147c1a86c770811d6,Marshall Acton III,138
65363731ce4d4a5ebb8c5306,Marshall Willen,749
653637319a0feb0becd901fa,Marshall Woburn III,697
65363731f5dbbe3368b1a112,Marshall Stanmore III,403
65363731415119f11dd0085f,Marshall Stanmore II,202
65363731667b0a4b12666379,Marshall Emberton II,652
65363731443c223af09fc3bc,Marshall Kilburn II,734
653637318a47f1fdf64155cb,Marshall Stockwell II,496
6536373116271bce7b764fc8,Marshall Tufton,102
653637313bbff93ee253b29f,Logitech G102 LightSync Gen 2,489
65363731609c6a0794813764,Logitech G304 Lightspeed,827
65363731bdae11db3c1c3a4f,Logitech MX Anywhere 2S,235
65363731f435aefdd1beddba,Logitech MX Marter 3S,230
65363731ee7821047230284d,Logitech Signature M650,535
653637312be3e28a9301920c,Hyperwork Silentium,353
6536373165d2903fb3d5b0d3,Hyperwork Helios,839
65363731774f858067138da1,Microsoft Modern Mobile,170
6536373176a65a04f74a75fa,Microsoft Mouse,728
65363731f0ef93c838712ca8,Microsoft Arc,420
65363731f012e37b5e80a6e4,Magic Mouse 2021,224
65363731ec9faded468022e0,Magic Mouse 2022,352
65363731ebc6886dd855fb79,Razer Orochi V2,247
65363731f022c5c7b933ac9f,Razer Basilish X HyperSpeed,508
6536373171e79c081cc14c75,Razer Basilisk Ultimate,895
6536373193bd3024b34f5d08,Magic Keyboard,192
65363731168735600168f972,Magic Keyboard 2,661
6536373131fb01bcd823174e,Magic Keyboard + Trackpad For iPad Pro,832
653637312344bccc40eece0e,Logitech K380,959
65363731c1353391e05b24e1,Logitech Pebble K380S,127
65363731bae42a0b3558df68,Logitech K120,985
65363731c41319cdc207d545,Logitech K580,493
65363731bc6ede0244e34172,Logitech MX Keys mini,268
65363731296fe0d467c228a9,Logitech K270,799
65363731a68fd36a565ea7b4,Logitech K400+,129
65363731fc145cd45411cb6a,Logitech K480,943
653637317e0b608418ea9327,Logitech Signature K650,232
65363731d991dad2f5eef758,Logitech Pop Keys,202
65363731d66f96b2a83b9ea5,Logitech MX Keys Fullsize Graphite,105
653637319b2445f3a4d02728,Logitech G Pro X,402
65363731562546f35bcf94e5,Logitech MX Mechanical Mini,238
6536373103c4b164f8b32938,Logitech G213 Prodigy RGB Gaming,483
653637318877c265dba28b87,Logitech MX Mechanical,489
653637315458bbc8a0e415ff,Logitech G613,454
65363731b770eb46421a329a,Logitech MX Keys Graphite,160
6536373194eae373ebc55126,Logitech G413 SE,887
65363731364fbadea0eb871c,Logitech G512 GX,623
653637314c9a3ecd71279e5a,Logitech Pro X TKL Lightspeed,996
6536373132e141756a95aeae,Razer BlackWidow V3 TKL,258
65363731ab96345038b196af,Razer Ornata V3 X-Low Profile,992
653637311f59de419fee0272,Razer BlackWidow V3 Pro,795
65363731c94223a36d5f42cd,Razer Pro Type,791
65363731979544d81d25571a,Razer BlackWidow Lite Silent TKL,780
65363731a17489c776021993,Webcam Logitech C922,266
6536373150daeec1339c9172,Webcam Logitech C310 HD,914
653637312cf46d90b112dbc1,Webcam Logitech Brio Micro 500,742
65363731b13e3ef75cb28ec6,Webcam Logitech HD C920,398
65363731a93f3d7352d5306b,Webcam Logitech Brio Micro 300,109
65363731869f7db0e8b101f3,Webcam Logitech Brio 100,912
6536373162865d64511c178a,Webcam Rapoo C200 HD,934
65363731919f09d52d19ce4c,Webcam Rapoo XW170,103
65363731512c8683e2fd1b78,Webcam Rapoo C270L,947
653637310f1581fb7ae9f782,Samsung EB P5300X 20.000mAh ,861
65363731d9a612910c38959b,Samsung EB P3400X 10.000mAh,262
65363731634d3c18eaf0e395,Baseus Qpow Pro 20.000mAh,252
653637315c9280c979d6e21d,Baseus Bipow 10.000mAh,179
65363731e4e4fb1fba570399,Baseus Magnetic Mini 10.000mAh,405
6536373105a394a611b8d484,Baseus Bipow 20.000mAh,903
65363731d7116574e898e14f,Baseus Magnetic Charge 10.00mAh,847
653637310e2c24e8b4bb6396,Baseus Star-Lord Digital Display 10.000mAh,356
6536373164e9465bd501fb73,Baseus Mini Ja 10.000mAh,649
6536373133209aaeda3dd905,Xiaomi Redmi 20.000mAh,643
653637319952e9a751c9e668,Xiaomi Power Bank 3 10.000mAh,561
65363731cf257be50d51a028,Xiaomi Redmi 10.000mAh,503
65363731413f541e865f2a10,Ugreen USB 3.0 CM219,551
6536373196787bb738f61e16,Ugreen USB-C to HDMI,826
65363731e9f909500d5e8ae6,Ugreen 7 in 1 CM121,527
65363731c8e3069b9d1f12c4,Ugreen Type-C 9 in 1 CM179,566
65363731ec97339b57cb1658,Apple USB-C Digital AV Multiport MUF82ZA,874
65363731b9f4744620593243,Apple USB-C to VGA Multiport MJ1L2ZP,515
65363731e8e3013cf9a40332,Baseus Metal Gleam Type-C 4 in 1,869
6536373111ffcfebfe02b21b,Baseus Metal Gleam Type-C 5 in 1,135
653637317f8b37f907127738,Baseus Metal Gleam Type-C 6 in 1,960
65363731861ddf44e3a6c648,Baseus Metal Gleam Type-C 7 in 1,750
653637313250fd04ca5db01f,Baseus Metal Gleam Type-C 8 in 1,238
65363731ea312ab628f93e7b,Apple AirTag Loop,716
6536373187fdb68432e3e032,Apple AirTag ESR 2in1 Silicon,686
6536373122ab6cb40bb6bd4c,Apple AirTag WIWU Silicon,460
65363731a27a6d16ec120596,Apple AirTag WIWU Leather Key Ring,490
6536373155330fae5e1fdf1b,Apple AirTag WIWU Silicon Loop,324
65363731d76750392927000d,Logitech Studio Series 20x23 cm,816
65363731bc5a1525705b9fff,Logitech Studio Series 30x70 cm,140
65363731a7789579e103f1e1,Router Wifi TP-Link Archer C54,399
653637310dc7e4e8f8fa746c,Router Wifi 5 Gigabit TP-Link Archer AX12,351
653637313750727369c27569,TP-Link Deco E4 Wifi Mesh AC1200,221
65363731886e6a4b8bb52e86,TP-Link TL-SF1008D,263
65363731139f649f38e19de9,Router Wifi 6 Gigabit TP-Link Archer AX73,299
653637312f86cb0553e7700f,Router Wifi 6 Gigabit TP-Link Archer AX53,833
65363731a69e3e14112a2e29,USB Wifi TP-Link T3U Plus,661
653637315769eb815d07dc12,TP-Link WiFi 4G LTE M7000,794
65363731279a4284c2cfb4f3,TP-Link WiFi 4G M7350,794
6536373115bd24ac479525e8,TP-Link WiFi 4G M7200,794
6536373186d7a27c399ed5c6,TP-Link WiFi 4G LTE TL-MR105,566
65363731dfd1d2a83f58a95e,Gimbal DJI OM 6,363
653637319c40a5d2cec0dd72,Gimbal Zhiyn Q3,704
6536373127c6bebc69274e5a,Gimbal Hohem M6,994
6536373144301bdc293a6a07,Gimbal Smart X Pro,860
65363731d6db1c9acdfbec02,Gimbal Smart XE,253
65363731222ab1586828ffd7,Gimbal Smart X,899
65363731b611f35209270ded,Gimbal 3-AXIS S5B,642
6536373174fd3b5ea608eb7e,Gimbal 3-AXIS F6,350
65363731644277505db77ff5,Sony PlayStation 5,429
65363731c316879414c27475,Sony PlayStation 5 Bundle ,594
65363731930e7b89ee66cd52,Sony PlayStation Portal Remote Player,503
6536373184068fc04ba5eadb,Sony PlayStation 5 Slim,738
65363731397bc3aa3b0c9318,Sony PlayStation Bundle Marvels Spiderman 2 Limited Edition,801
653637317c147bc4af8cb90e,SSD Samsung T7 Portable 1TB,538
653637315a00f7fe064ddd63,SSD Samsung T7 Portable 500GB,190
65363731a786dd726a76311e,SSD Samsung T7 Shield Portable 4TB,415
65363731087c82077e9cc979,SSD Samsung T7 Touch Portable 1TB,416
65363731baf7f358d7add0f8,Asus ROG Ally Z1 (16GB512GB),949
653637310a0608d2ec7c7f47,Asus ROG Raikiri Pro Wireless,463
6536373184e9289fc1a74df8,Sony PS5 Dualsense Edge,938
65363731f771d91c53edc3c4,Microsoft Xbox Series X Controller,455
